doc_id,token_id,token_text,c_id
1,1,Sosyal,11
1,2,medyada,11
1,3,hýzla,11
1,4,yayýlan,11
1,5,videoda,11
1,6,Uruguay,5
1,7,da,11
1,8,Ferrari,7
1,9,siyle,11
1,10,yanlayan,11
1,11,kiþinin,11
1,12,Çiftlik,11
1,13,Bank,11
1,14,ýn,11
1,15,firari,11
1,16,CEO,6
1,17,su,11
1,18,Mehmet,10
1,19,Aydýn,10
1,20,olduðu,11
1,21,iddia,10
1,22,ediliyor,11
1,23,tgsOAqzCd8,11
2,1,Çanakkale,5
2,2,geçilmez,11
2,3,ÇanakkaleZaferi,9
2,4,7VZSzRAffq,11
3,1,18,3
3,2,03,3
3,3,1850,3
3,4,American,7
3,5,Express,7
3,6,Henry,10
3,7,Wells,10
3,8,William,10
3,9,Fargo,10
3,10,tarafýndan,11
3,11,kuruldu,11
3,12,Yx91rhyC1e,11
4,1,11,3
4,2,03,3
4,3,1941,3
4,4,Lend,10
4,5,Lease,10
4,6,Yasasý,11
4,7,imzalandý,9
5,1,04,11
5,2,03,11
5,3,1774,3
5,4,Orion,10
5,5,Nebulasý,10
5,6,ilk,11
5,7,kez,11
5,8,William,10
5,9,Herschel,10
5,10,tarafýndan,11
5,11,gözlemlendi,9
5,12,pOUA4Sqy2c,11
6,1,03,11
6,2,1865,11
6,3,HSBC,7
6,4,Hongkong,5
6,5,and,11
6,6,Shanghai,5
6,7,Banking,7
6,8,Corporation,7
6,9,kuruldu,9
6,10,KUdNHJCGGS,11
7,1,Dünya,8
7,2,Ressamlar,6
7,3,Günü,11
7,4,HlsGsmYpcs,11
8,1,03,11
8,2,1915,11
8,3,NAsA,7
8,4,National,7
8,5,Aeronautics,7
8,6,and,11
8,7,Space,7
8,8,Administration,7
8,9,kuruldu,9
8,10,sGVKi2laGP,11
9,1,03,11
9,2,1923,11
9,3,Time,7
9,4,dergisinin,7
9,5,ilk,11
9,6,sayýsý,11
9,7,yayýmlandý,11
9,8,pkM676plxY,11
10,1,03,11
10,2,1875,11
10,3,Kapalý,11
10,4,alanda,11
10,5,ilk,11
10,6,buz,6
10,7,hokeyi,6
10,8,Montreal,8
10,9,de,11
10,10,oynandý,9
11,1,02,11
11,2,03,11
11,3,1962,3
11,4,Wilt,10
11,5,Chamberlain,10
11,6,100,11
11,7,sayý,11
11,8,ile,11
11,9,NBA,7
11,10,rekorunu,9
11,11,kýrdý,9
11,12,P4K2xYxTsy,11
12,1,02,11
12,2,03,11
12,3,1974,11
12,4,TRT,7
12,5,Televizyonu,7
12,6,çarþamba,3
12,7,hariç,11
12,8,haftanýn,3
12,9,her,11
12,10,günü,11
12,11,yayýn,9
12,12,yapmaya,9
12,13,baþladý,9
13,1,02,3
13,2,03,3
13,3,1995,3
13,4,Yahoo,7
13,5,kuruldu,9
13,6,XgRob0bvPm,11
14,1,02,3
14,2,03,3
14,3,1969,3
14,4,Concorde,10
14,5,Fransa,5
14,6,da,11
14,7,ilk,11
14,8,test,9
14,9,uçuþunu,9
14,10,yaptý,9
14,11,bNoLaxL1u3,11
15,1,01,3
15,2,03,3
15,3,1912,3
15,4,Albert,10
15,5,Berry,10
15,6,bir,11
15,7,paraþüt,11
15,8,ile,11
15,9,uçaktan,9
15,10,atlayan,9
15,11,ilk,9
15,12,kiþi,9
15,13,oldu,9
15,14,E8DgXUxQk9,11
16,1,01,11
16,2,03,11
16,3,1896,11
16,4,Henri,11
16,5,Becquerel,11
16,6,radyoaktiviteyi,11
16,7,keþfetti,11
17,1,01,3
17,2,03,11
17,3,1872,3
17,4,Dünyanýn,8
17,5,ilk,11
17,6,ulusal,5
17,7,parký,5
17,8,olan,11
17,9,Yellowstone,8
17,10,Ulusal,8
17,11,Parký,8
17,12,açýldý,11
17,13,66rKNUMxqz,11
18,1,28,11
18,2,02,11
18,3,1856,11
18,4,Islahat,9
18,5,Fermaný,9
18,6,ilan,9
18,7,edildi,9
19,1,28,11
19,2,02,11
19,3,1937,11
19,4,Meteoroloji,7
19,5,Genel,7
19,6,Müdürlüðü,7
19,7,kuruldu,11
19,8,1CkYZqVkBQ,11
20,1,28,3
20,2,02,3
20,3,1935,3
20,4,Wallace,10
20,5,Carothers,10
20,6,naylonu,10
20,7,keþfetti,9
21,1,28,11
21,2,02,11
21,3,1940,11
21,4,Ýlk,11
21,5,kez,11
21,6,bir,11
21,7,basketbol,11
21,8,maçý,11
21,9,ABD,5
21,10,de,11
21,11,televizyondan,9
21,12,naklen,9
21,13,yayýnlandý,9
21,14,kFfo0QZwsU,11
22,1,27,11
22,2,02,11
22,3,1879,11
22,4,Yapay,10
22,5,tatlandýrýcý,10
22,6,sakarin,9
22,7,keþfedildi,9
22,8,2yEU3ACDT7,11
23,1,26,11
23,2,02,11
23,3,1802,11
23,4,Yazar,6
23,5,Victor,10
23,6,Hugo,10
23,7,Fransa,5
23,8,da,11
23,9,doðdu,11
23,10,ö,11
23,11,1885,11
23,12,dzjvCieECY,11
24,1,06,11
24,2,02,11
24,3,1910,11
24,4,Ýstanbul,5
24,5,da,11
24,6,ilk,11
24,7,solcu,11
24,8,gazete,11
24,9,Ýþtirak,7
24,10,yayýmlanmaya,11
24,11,baþladý,11
24,12,Gazete,10
24,13,Hüseyin,10
24,14,Hilmi,10
24,15,tarafýndan,11
24,16,çýkarýldý,11
24,17,2JTgabZopU,11
25,1,26,11
25,2,02,11
25,3,1848,11
25,4,Fransa,5
25,5,da,11
25,6,ikinci,11
25,7,cumhuriyet,9
25,8,ilan,9
25,9,edildi,9
26,1,25,11
26,2,02,11
26,3,1933,11
26,4,Uçak,10
26,5,gemisi,10
26,6,olarak,11
26,7,imal,11
26,8,edilen,11
26,9,ilk,11
26,10,ABD,5
26,11,donanma,11
26,12,USS,7
26,13,Ranger,11
26,14,denize,10
26,15,indirildi,11
27,1,25,11
27,2,02,11
27,3,1907,11
27,4,Yazar,6
27,5,Sabahattin,10
27,6,Ali,10
27,7,Bulgaristan,5
27,8,da,11
27,9,doðdu,11
27,10,ö,11
27,11,1948,11
27,12,TC2O2hQjNs,11
28,1,25,11
28,2,02,11
28,3,1932,11
28,4,Adolf,10
28,5,Hitler,10
28,6,Alman,10
28,7,vatandaþlýðýna,11
28,8,kabul,11
28,9,edildi,11
29,1,25,11
29,2,02,11
29,3,1836,11
29,4,Samuel,10
29,5,Colt,7
29,6,ürettiði,11
29,7,silahýn,10
29,8,tabanca,10
29,9,patentini,10
29,10,aldý,11
30,1,29,3
30,2,12,3
30,3,1941,3
30,4,NBC,7
30,5,Türkçe,10
30,6,radyo,11
30,7,yayýnýna,11
30,8,baþladý,11
31,1,18,3
31,2,12,3
31,3,1865,3
31,4,ABD,8
31,5,de,11
31,6,kölelik,11
31,7,kaldýrýldý,9
32,1,30,11
32,2,10,11
32,3,1973,11
32,4,Boðaziçi,8
32,5,Köprüsü,8
32,6,Cumhurbaþkaný,6
32,7,Fahri,10
32,8,Korutürk,10
32,9,tarafýndan,11
32,10,açýldý,11
33,1,21,3
33,2,10,3
33,3,1860,3
33,4,Ýlk,11
33,5,özel,11
33,6,siyasi,11
33,7,gazete,6
33,8,Tercümaný,9
33,9,Ahval,9
33,10,çýkmaya,9
33,11,baþladý,9
34,1,03,3
34,2,10,3
34,3,1931,3
34,4,Türkiye,9
34,5,Cumhuriyet,9
34,6,Merkez,9
34,7,Bankasý,9
34,8,faaliyete,9
34,9,geçti,11
35,1,30,11
35,2,09,11
35,3,1964,11
35,4,Oyuncu,6
35,5,eski,11
35,6,model,11
35,7,Monica,10
35,8,Belluci,10
35,9,Ýtalya,5
35,10,da,11
35,11,doðdu,11
35,12,WV0LmPZJ93,11
36,1,16,11
36,2,09,11
36,3,1953,11
36,4,Ýlk,9
36,5,sinemaskop,9
36,6,film,9
36,7,gösterimi,9
36,8,New,5
36,9,York,5
36,10,ta,11
36,11,yapýldý,9
37,1,14,3
37,2,09,3
37,3,1944,3
37,4,Radyo,10
37,5,istasyonlarýnýn,11
37,6,kurulmasý,11
37,7,geniþletilmesi,11
37,8,yasasý,11
37,9,çýktý,11
38,1,30,3
38,2,08,3
38,3,1952,3
38,4,Erzurum,5
38,5,da,11
38,6,Aziziye,9
38,7,Anýtý,9
38,8,açýldý,9
39,1,27,3
39,2,08,3
39,3,1859,3
39,4,Dünyanýn,9
39,5,ilk,9
39,6,petrol,9
39,7,kuyusu,9
39,8,ABD,5
39,9,nin,5
39,10,Pensilvanya,5
39,11,eyaletinde,5
39,12,açýldý,9
40,1,09,11
40,2,08,11
40,3,1928,11
40,4,Arap,10
40,5,Alfabesi,10
40,6,yerine,11
40,7,Latin,10
40,8,nin,11
40,9,benimsendiði,9
40,10,Harf,11
40,11,Devrimi,9
40,12,gerçekleþtirildi,9
41,1,11,3
41,2,05,3
41,3,1924,3
41,4,Gottlieb,10
41,5,Daimler,10
41,6,Karl,10
41,7,Benz,7
41,8,þiketleri,11
41,9,birleþerek,9
41,10,Mercedes,7
41,11,þirketini,11
41,12,oluþturdular,9
42,1,10,3
42,2,04,3
42,3,1912,3
42,4,RMS,11
42,5,Titanic,11
42,6,ilk,11
42,7,seferine,11
42,8,çýktý,9
42,9,EiqZkZRDD6,5
43,1,20,3
43,2,02,3
43,3,1872,3
43,4,Metropolitan,9
43,5,Museum,9
43,6,of,9
43,7,Art,9
43,8,New,9
43,9,York,9
43,10,ta,9
43,11,açýldý,9
43,12,jKW7n0oenO,11
44,1,14,3
44,2,02,3
44,3,1982,3
44,4,Oyuncu,11
44,5,Özge,10
44,6,Borak,10
44,7,Ýstanbul,8
44,8,da,11
44,9,doðdu,11
44,10,6wOKVQXlLW,11
45,1,Ýzmir,8
45,2,de,11
45,3,okullar,11
45,4,tatil,11
45,5,edildi,9
46,1,23,11
46,2,12,11
46,3,1954,11
46,4,Ýlk,9
46,5,organ,9
46,6,nakli,9
46,7,böbrek,9
46,8,Boston,5
46,9,da,11
46,10,gerçekleþtirildi,9
47,1,22,11
47,2,12,11
47,3,1938,11
47,4,Alman,6
47,5,kimyacý,6
47,6,Otto,11
47,7,Hahn,11
47,8,tarafýndan,11
47,9,ilk,11
47,10,atom,11
47,11,çekirdeði,11
47,12,patlatýldý,11
48,1,06,3
48,2,12,3
48,3,1922,3
48,4,Ýnsülin,3
48,5,ilk,11
48,6,kez,11
48,7,Kanada,5
48,8,da,11
48,9,bir,11
48,10,hastanede,8
48,11,hastalar,9
48,12,üzerinde,9
48,13,denendi,9
48,14,snoJ10LjcV,11
49,1,26,11
49,2,09,11
49,3,1888,3
49,4,Yazar,11
49,5,Thomas,11
49,6,Stearns,11
49,7,Eliot,10
49,8,ABD,8
49,9,de,11
49,10,doðdu,11
49,11,ö,11
49,12,1965,3
49,13,MiMksUF53A,11
50,1,DünyaBarýþGünü,9
50,2,vWahJTBMFx,11
51,1,07,3
51,2,09,3
51,3,1782,3
51,4,William,10
51,5,Herschel,10
51,6,kendi,11
51,7,tasarýmý,11
51,8,olan,11
51,9,teleskopla,11
51,10,Satürn,11
51,11,Bulutsusunu,11
51,12,keþfetti,9
51,13,3slWmqotOx,5
52,1,24,3
52,2,07,3
52,3,1923,3
52,4,Lozan,9
52,5,Antlaþmasý,9
52,6,imzalandý,9
53,1,AliÝsmailKorkmaz,11
53,2,73E5e8ZWGe,11
54,1,08,11
54,2,07,11
54,3,1621,11
54,4,Yazar,6
54,5,La,10
54,6,Fontaine,10
54,7,Fransa,5
54,8,da,11
54,9,doðdu,9
54,10,ö,11
54,11,1695,11
54,12,3KqukXuIpX,11
55,1,05,3
55,2,1474,3
55,3,Kristof,10
55,4,Kolomb,10
55,5,Jamaika,10
55,6,Adasýna,11
55,7,ayak,11
55,8,bastý,9
55,9,adaya,11
55,10,Santa,8
55,11,Gloria,8
55,12,adýný,11
55,13,verdi,9
56,1,15,3
56,2,04,3
56,3,1929,3
56,4,Ýstanbul,8
56,5,da,11
56,6,terzilik,11
56,7,mektebi,11
56,8,açýldý,9
57,1,02,
57,2,04,
57,3,2007,
57,4,Büyük,
57,5,Okyanus,
57,6,da,11
57,7,meydana,
57,8,gelen,
57,9,8,
57,10,1,
57,11,büyüklüðündeki,
57,12,depremin,
57,13,oluþturduðu,
57,14,tsunami,
57,15,Solomon,
57,16,Adalarý,
57,17,ný,
57,18,vurdu,
57,19,28,
57,20,kiþi,
57,21,öldü,
57,22,Ben,11
57,23,seni,11
57,24,sevduðumi,11
57,25,dünyalara,11
57,26,bildurdum,11
57,27,Sütlaç,11
57,28,Niyazi,8
57,29,Usta,8
57,30,Hamsiköy,8
57,31,Sütlacý,10
57,32,Trabzon,8
57,33,Maçka,8
57,34,YemekNeredeYenirTrabzonda,11
57,35,fhcPLgQsR5,11
58,1,27,11
58,2,03,11
58,3,1994,11
58,4,Eurofighter,11
58,5,Typhoon,11
58,6,ilk,11
58,7,test,9
58,8,uçuþunu,9
58,9,yaptý,9
58,10,sNKlbJpfo5,11
59,1,06,3
59,2,03,3
59,3,1869,3
59,4,Dimitri,10
59,5,Mendeleyev,10
59,6,ilk,11
59,7,periyodik,11
59,8,tabloyu,11
59,9,açýkladý,11
59,10,BkXdNnepj9,11
60,1,09,3
60,2,02,3
60,3,1621,3
60,4,Ýstanbul,8
60,5,Boðazý,11
60,6,dondu,9
60,7,fkR5vpo5fq,5
61,1,04,3
61,2,02,3
61,3,1902,3
61,4,Paris,5
61,5,te,11
61,6,Birinci,9
61,7,Jön,9
61,8,Türk,9
61,9,Kongresi,9
61,10,yapýldý,9
61,11,PFKnnkRn4T,11
62,1,Isslama,11
62,2,Köfte,11
62,3,Ýstanbul,8
62,4,Acýbadem,8
62,5,Ataþehir,8
62,6,Çalýþma,11
62,7,Saatleri,11
62,8,11,11
62,9,00,11
62,10,22,11
62,11,444,11
62,12,10,11
62,13,06,11
62,14,19,11
62,15,50,11
62,16,1,11
62,17,Porsiyon,11
62,18,27,11
62,19,5,11
62,20,Alkolsüz,11
62,21,Mekan,11
62,22,Paket,11
62,23,Servis,11
62,24,Var,9
62,25,yemekneredeyenircom,4
62,26,ucXhAu6eVz,5
63,1,Dördü,11
63,2,Bir,11
63,3,Arada,11
63,4,Atom,11
63,5,Künefe,11
63,6,Cenneti,11
63,7,Ýstanbul,8
63,8,Mahmutbey,11
63,9,Kocasinan,11
63,10,Çalýþma,11
63,11,Saatleri,11
63,12,10,11
63,13,00,11
63,14,02,11
63,15,0,11
63,16,212,11
63,17,630,11
63,18,97,11
63,19,44,11
63,20,70,11
63,21,4,11
63,22,Kiþilik,11
63,23,102,11
63,24,6,11
63,25,yemekneredeyenircom,4
63,26,yvD9EEDYRf,5
64,1,Kebap,11
64,2,Çeþitleri,11
64,3,Akcanlar,8
64,4,Ocakbaþý,8
64,5,Ýstanbul,5
64,6,Elmadað,5
64,7,Þiþli,5
64,8,Çalýþma,11
64,9,Saatleri,11
64,10,12,11
64,11,00,11
64,12,0212,2
64,13,248,2
64,14,96,2
64,15,77,2
64,16,30,11
64,17,Çöp,11
64,18,Þiþ,11
64,19,23,11
64,20,Adana,11
64,21,Kaburga,11
64,22,28,11
64,23,Kaþarlý,11
64,24,Fýstýklý,11
64,25,Ciðer,11
64,26,Patlýcan,11
64,27,yemekneredeyenircom,11
64,28,eRtN0JNcZm,11
65,1,Ciðer,11
65,2,Þiþ,11
65,3,Hanek,11
65,4,Gaziantep,8
65,5,Sofrasý,11
65,6,Ýstanbul,8
65,7,Koþuyolu,8
65,8,Çalýþma,11
65,9,Saatleri,11
65,10,09,11
65,11,30,11
65,12,22,11
65,13,00,11
65,14,0216,11
65,15,340,11
65,16,23,11
65,17,40,11
65,18,32,11
65,19,Alkolsüz,11
65,20,Mekan,11
65,21,Paket,11
65,22,Servis,11
65,23,Var,11
65,24,Sodexo,11
65,25,Ticket,11
65,26,Multinet,11
65,27,Setcard,11
65,28,yemekneredeyenircom,4
65,29,SfbXmGBzpJ,5
66,1,Cevizzade,8
66,2,Künefe,11
66,3,Cenneti,11
66,4,Ýstanbul,8
66,5,Mahmutbey,8
66,6,Kocasinan,8
66,7,Çalýþma,11
66,8,Saatleri,11
66,9,10,11
66,10,00,11
66,11,02,11
66,12,0,11
66,13,212,11
66,14,630,11
66,15,97,11
66,16,44,11
66,17,17,11
66,18,1,11
66,19,Kiþilik,11
66,20,65,11
66,21,4,11
66,22,95,11
66,23,6,11
66,24,yemekneredeyenircom,4
66,25,lxZZOIguCk,5
67,1,Çorba,11
67,2,Çeþitleri,11
67,3,Baruthane,8
67,4,Pilavcýsý,8
67,5,Ýstanbul,5
67,6,Kurtuluþ,5
67,7,0,11
67,8,212,11
67,9,296,11
67,10,01,11
67,11,02,11
67,12,7,11
67,13,Ezogelin,11
67,14,Çorbasý,11
67,15,Mercimek,11
67,16,Tavuk,11
67,17,Suyu,11
67,18,Yayla,11
67,19,Domates,11
67,20,15,11
67,21,Ýþkembe,11
67,22,Kuzu,11
67,23,Kelle,11
67,24,yemekneredeyenircom,11
67,25,2msTCqKa2g,11
68,1,Burger,11
68,2,Çeþitleri,11
68,3,Hopdaddy,11
68,4,Ýstanbul,5
68,5,Yeniköy,5
68,6,Maslak,5
68,7,Çalýþma,11
68,8,Saatleri,11
68,9,12,3
68,10,00,3
68,11,01,3
68,12,0,2
68,13,212,2
68,14,299,2
68,15,88,2
68,16,82,11
68,17,83,2
68,18,34,11
68,19,Smokey,11
68,20,BBQ,11
68,21,200,11
68,22,Gram,11
68,23,Brooklyn,11
68,24,BigBoss,11
68,25,yemekneredeyenircom,11
68,26,sTTMhYDszG,11
69,1,Vefalý,8
69,2,Köfte,11
69,3,Köftecisi,8
69,4,Ýstanbul,11
69,5,Kadýköy,5
69,6,Suadiye,5
69,7,Çalýþma,11
69,8,Saatleri,11
69,9,12,11
69,10,00,11
69,11,22,11
69,12,0,2
69,13,216,2
69,14,368,2
69,15,70,2
69,16,05,2
69,17,20,11
69,18,1,11
69,19,Porsiyon,11
69,20,7,11
69,21,Piyaz,11
69,22,15,11
69,23,Kelle,11
69,24,Paça,11
69,25,9,11
69,26,Çorba,11
69,27,yemekneredeyenircom,11
69,28,ouvkH0tQIk,11
70,1,Sophia,11
70,2,Bade,11
70,3,Chocolate,11
70,4,Ýstanbul,11
70,5,Moda,11
70,6,Çalýþma,11
70,7,Saatleri,11
70,8,10,11
70,9,00,11
70,10,21,11
70,11,0,11
70,12,216,11
70,13,345,11
70,14,85,11
70,15,86,11
70,16,22,11
70,17,Alkolsüz,11
70,18,Mekan,11
70,19,Paket,11
70,20,Servis,11
70,21,Var,11
70,22,Sodexo,11
70,23,Ticket,11
70,24,Multinet,11
70,25,Setcard,11
70,26,Yok,11
70,27,Açýk,11
70,28,Alan,11
70,29,yemekneredeyenircom,11
70,30,LKNowO8gE8,11
71,1,basakmaviss,11
71,2,Dost,11
71,3,gerçekten,11
71,4,de,11
71,5,kara,11
71,6,günde,11
71,7,belli,11
71,8,oluyor,9
71,9,ucBG5iCnz1,5
72,1,Aðlayan,9
72,2,Pasta,11
72,3,amp,11
72,4,Kaymaklý,11
72,5,Ayva,11
72,6,Tatlýsý,11
72,7,Prasini,11
72,8,Papia,11
72,9,Cafe,11
72,10,Ýstanbul,8
72,11,Gayrettepe,8
72,12,Çalýþma,11
72,13,Saatleri,11
72,14,Hafta,11
72,15,Ýçi,11
72,16,06,11
72,17,30,11
72,18,19,11
72,19,00,11
72,20,Cumartesi,3
72,21,09,11
72,22,17,11
72,23,0,11
72,24,533,11
72,25,138,11
72,26,65,11
72,27,46,11
72,28,14,11
72,29,yemekneredeyenircom,4
72,30,62KIdxDFRq,5
73,1,Havuç,11
73,2,Dilim,11
73,3,Cihan,11
73,4,Et,11
73,5,Kasap,11
73,6,Piþiricisi,11
73,7,Ýzmir,8
73,8,Forum,11
73,9,Bornova,8
73,10,Karþýsý,11
73,11,Çalýþma,11
73,12,Saatleri,11
73,13,11,11
73,14,00,11
73,15,23,11
73,16,0,11
73,17,232,11
73,18,469,11
73,19,19,11
73,20,56,11
73,21,14,11
73,22,Porsiyon,11
73,23,17,11
73,24,Dondurmalý,11
73,25,yemekneredeyenircom,4
73,26,eLg1vOKupb,5
74,1,pelinkrkc,11
74,2,Gel,11
74,3,günaha,11
74,4,girelim,11
75,1,Kaþarlý,11
75,2,Köfte,11
75,3,Shato,11
75,4,Steakhouse,11
75,5,Ýstanbul,5
75,6,Yýldýrým,5
75,7,Bayrampaþa,5
75,8,Çalýþma,11
75,9,Saatleri,11
75,10,10,11
75,11,00,11
75,12,23,11
75,13,0,2
75,14,212,2
75,15,437,2
75,16,38,2
75,17,84,2
75,18,30,11
75,19,250,11
75,20,Gram,11
75,21,OXFSh5lTRw,11
76,1,dilarataogllu,11
76,2,Yemekneredeyenircom,11
76,3,a,11
76,4,uzun,11
76,5,bakýp,11
76,6,ic,11
76,7,gecirdiðimiz,11
76,8,saatlere,11
76,9,hosgeldiniz,11
77,1,Yumurta,11
77,2,Çeþitleri,11
77,3,Coþkun,11
77,4,Et,11
77,5,Ýstanbul,8
77,6,Ýstoç,11
77,7,Kaðýthane,8
77,8,Baðcýlar,8
77,9,18,1
77,10,Kahvaltý,11
77,11,Tabaðý,11
77,12,13,1
77,13,Yumurtalý,11
77,14,Kavurma,11
77,15,yemekneredeyenir,5
77,16,uhWRh8ddNI,11
78,1,Nam,11
78,2,nam,11
78,3,Ýsli,11
78,4,Dana,11
78,5,Bacon,11
78,6,Burger,11
78,7,Hamburger,11
78,8,Kafasý,11
78,9,Ýstanbul,8
78,10,Cihangir,8
78,11,Firuzaða,11
78,12,Ýlkokulu,11
78,13,Yaný,11
78,14,40,11
78,15,220,11
78,16,Gram,11
78,17,yemekneredeyenir,4
78,18,RK3Y6xCIuZ,5
79,1,Her,11
79,2,yerimiz,11
79,3,hamburger,11
79,4,Mantar,11
79,5,Burger,11
79,6,Hamburger,11
79,7,Kafasý,11
79,8,Ýstanbul,11
79,9,Cihangir,8
79,10,Firuzaða,11
79,11,Ýlkokulu,11
79,12,Yaný,11
79,13,20,11
79,14,110,11
79,15,Gram,11
79,16,yemekneredeyenir,4
79,17,YU1HaU96hg,5
80,1,Baþbakan,6
80,2,Yýldýrým,10
80,3,Bu,11
80,4,ihanet,11
80,5,çetesini,11
80,6,milletimizin,11
80,7,gücü,11
80,8,etkisiz,11
80,9,hale,11
80,10,getirecektir,11
80,11,Çok,11
80,12,aptalca,11
80,13,çýlgýnca,11
80,14,bir,11
80,15,giriþimdir,11
81,1,27,1
81,2,Þubat,11
81,3,Gregoryen,11
81,4,Takvimi,11
81,5,ne,11
81,6,göre,11
81,7,yýlýn,11
81,8,58,1
81,9,günüdür,11
81,10,Yýl,11
81,11,sonuna,11
81,12,kadar,11
81,13,kalan,11
81,14,307,11
81,15,gün,11
81,16,vardýr,11
81,17,artýk,11
81,18,yýllarda,11
81,19,308,11
82,1,Gece,11
82,2,gece,11
82,3,iyi,11
82,4,geldi,11
82,5,Beyaz,10
82,6,Çikolatalý,10
82,7,Sufle,10
82,8,Roma,8
82,9,Dondurmacýsý,8
82,10,Ýstanbul,5
82,11,Gaziosmanpaþa,5
82,12,12,11
82,13,yemekneredeyenir,11
82,14,Y8NsQTwQoX,11
83,1,Günaydýn,11
83,2,Serpme,11
83,3,Köy,11
83,4,Kahvaltýsý,11
83,5,Ayder,8
83,6,Sofrasý,11
83,7,Ýstanbul,8
83,8,Sarýyer,8
83,9,25,11
83,10,Kavurma,11
83,11,40,11
83,12,Kiþi,11
83,13,Baþý,11
83,14,yemekneredeyenir,4
83,15,DIDFAkmzYo,5
84,1,Açýk,11
84,2,Büfe,11
84,3,Kahvaltý,11
84,4,Bambi,11
84,5,Garden,11
84,6,Ýstanbul,5
84,7,Üsküdar,5
84,8,Servis,11
84,9,Saati,11
84,10,10,11
84,11,00,11
84,12,14,11
84,13,35,11
84,14,Kiþi,11
84,15,Baþý,11
84,16,yemekneredeyenir,11
84,17,6U2y0pE00S,11
85,1,Güzel,11
85,2,bir,11
85,3,hafta,11
85,4,için,11
85,5,Serpme,11
85,6,Kahvaltý,11
85,7,Dilek,8
85,8,Pastanesi,8
85,9,Ýstanbul,11
85,10,Halkalý,5
85,11,Kanuni,11
85,12,Þubesi,11
85,13,48,11
85,14,Ýki,11
85,15,Kiþilik,11
85,16,yemekneredeyenir,11
85,17,XR8HpU2ymM,11
86,1,yarentheminnok,4
86,2,Ölümlü,11
86,3,dünya,8
86,4,aman,11
86,5,boþver,9
87,1,Rengarenk,11
87,2,Ara,11
87,3,Sýcaklar,11
87,4,amp,11
87,5,Meze,11
87,6,Çeþitleri,11
87,7,Balýkçý,6
87,8,Hüseyin,8
87,9,Usta,8
87,10,Ýzmir,5
87,11,Forum,8
87,12,Bornova,8
87,13,Giriþi,11
87,14,Detaylý,11
87,15,Bilgi,11
87,16,X2DnKpVc1S,11
87,17,Vd9vOYB4Y1,11
88,1,Yaklaþýk,11
88,2,1,11
88,3,saattir,11
88,4,bakýþýyoruz,9
88,5,SerpmeKahvaltý,9
88,6,Seven,11
88,7,Hills,11
88,8,Restaurant,11
88,9,Ýstanbul,11
88,10,Sultanahmet,8
88,11,0,11
88,12,212,11
88,13,516,11
88,14,94,11
88,15,97,11
88,16,50,11
88,17,Kiþi,11
88,18,Baþý,11
88,19,vJso77fzb6,5
89,1,Günaydýn,11
89,2,Bam,8
89,3,s,11
89,4,Sýcak,11
89,5,Kahvaltý,11
89,6,amp,11
89,7,Klasik,11
89,8,Cafe,8
89,9,Restaurant,8
89,10,Ýstanbul,5
89,11,Acýbadem,5
89,12,kkn8PdNRyu,11
90,1,Nasýl,11
90,2,da,11
90,3,güzelsin,11
90,4,Dondurmalý,11
90,5,Fýstýklý,11
90,6,Atom,11
90,7,Vera,11
90,8,Dolce,11
90,9,Ýstanbul,5
90,10,Ortaköy,5
90,11,Çalýþma,11
90,12,Saatleri,11
90,13,Hafta,11
90,14,Ýçi,11
90,15,11,11
90,16,00,11
90,17,10,11
90,18,11EBuwvrBr,11
91,1,Acýktýk,9
91,2,EtliWrap,11
91,3,Coffee,11
91,4,Shop,11
91,5,Company,8
91,6,Adana,11
91,7,Uðrum,11
91,8,Mumcu,10
91,9,Bulvarý,11
91,10,M1,11
91,11,AVM,11
91,12,Çalýþma,9
91,13,Saatleri,11
91,14,08,11
91,15,30,1
91,16,00,11
91,17,0,11
91,18,322,11
91,19,235,11
91,20,33,1
91,21,01,11
91,22,24,1
91,23,50,1
91,24,JXalys3Klt,11
92,1,Severiz,11
92,2,Samsalý,11
92,3,Serpme,11
92,4,Kahvaltý,11
92,5,Dumanti,8
92,6,Ýstanbul,5
92,7,Halkalý,5
92,8,kahvaltý,11
92,9,v2lVd5s0Db,11
93,1,Rüya,11
93,2,gibi,11
93,3,Künefe,11
93,4,Lezzet,8
93,5,i,11
93,6,Þark,8
93,7,Antep,8
93,8,Sofrasý,8
93,9,Ýstanbul,5
93,10,Tahtakale,5
93,11,Hasýrcýlar,5
93,12,Cad,3
93,13,Eminönü,3
93,14,0,2
93,15,212,2
93,16,514,2
93,17,27,11
93,18,63,2
93,19,10,11
93,20,EdUuALxJxm,11
94,1,Yemeye,11
94,2,doymuyoruz,11
94,3,Chachas,8
94,4,Lokum,8
94,5,Chacha,11
94,6,s,11
94,7,Burger,11
94,8,Pizza,11
94,9,Steak,11
94,10,Ýstanbul,5
94,11,Çengelköy,5
94,12,0,2
94,13,216,2
94,14,308,2
94,15,05,2
94,16,55,2
94,17,44,11
94,18,200,11
94,19,Gram,11
94,20,Tvv6wuG23v,11
95,1,Eridik,9
95,2,Beyran,11
95,3,Kimyon,11
95,4,Ýstanbul,8
95,5,Moda,11
95,6,KadifeSokak,4
95,7,beyran,10
95,8,jx50JySyxb,5
96,1,Vakti,11
96,2,gelmiþti,11
96,3,Et,11
96,4,Döner,8
96,5,Parça,8
96,6,Ýstanbul,5
96,7,Beþiktaþ,5
96,8,ElURgTnbfS,11
97,1,Etçiler,11
97,2,burada,11
97,3,mý,11
97,4,Shatobiryan,10
97,5,Shato,11
97,6,Steakhouse,11
97,7,Ýstanbul,11
97,8,Yýldýrým,11
97,9,Bayrampaþa,8
97,10,4qESO0xB5f,5
98,1,TCMB,7
98,2,KAPASÝTE,11
98,3,KULLANIM,11
98,4,ORANI,11
98,5,MART,3
98,6,TA,11
98,7,YÜZDE,11
98,8,77,11
98,9,8,11
98,10,ÖNCEKÝ,11
99,1,BORSA,11
99,2,ÝSTANBUL,8
99,3,GÜNÜ,11
99,4,YÜZDE,11
99,5,1,11
99,6,51,11
99,7,ORANINDA,11
99,8,DÜÞÜÞLE,11
99,9,115,11
99,10,BÝN,11
99,11,450,11
99,12,PUANDAN,11
99,13,TAMAMLADI,9
100,1,Polis,8
100,2,koleji,8
100,3,sýnavýnda,11
100,4,usulsüzlük,9
100,5,operasyonu,9
100,6,rsYTMkyAjX,11
100,7,5nPnlkH7aF,11
101,1,Çakar,9
101,2,kontrolü,9
101,3,engellenip,11
101,4,açýða,11
101,5,alýnan,11
101,6,polisten,6
101,7,suç,11
101,8,duyurusu,11
101,9,ccwzPsEpLW,11
101,10,fBDjS2bu1h,11
102,1,Ýsrail,5
102,2,de,11
102,3,askerlik,6
102,4,krizi,11
102,5,LAwMWjsmS7,11
102,6,hmGiNLRL5T,11
103,1,Putin,10
103,2,muhalif,11
103,3,isim,11
103,4,Ýngiltere,8
103,5,de,11
103,6,ölü,11
103,7,bulundu,9
103,8,4mTHepzSU1,5
103,9,VXM3Dkdoho,5
104,1,Fenerbahçe,7
104,2,den,11
104,3,Alex,10
104,4,açýklamasý,11
104,5,EE2lyeyq6I,11
104,6,cd5GUqVAuu,11
105,1,ABD,8
105,2,Türkiye,8
105,3,ile,11
105,4,Afrin,8
105,5,sorununu,11
105,6,çözmeye,9
105,7,çalýþýyoruz,9
105,8,eaepiPMxB3,11
105,9,JUB7QYnCbs,11
106,1,Çiftlik,7
106,2,Bank,7
106,3,ýn,11
106,4,CEO,6
106,5,su,11
106,6,bir,11
106,7,zamanlar,11
106,8,isyankar,11
106,9,rapçiymiþ,6
106,10,sZk4DFbxBl,11
106,11,Pa7e9DdOxm,11
107,1,Yolcu,11
107,2,býçaklayan,11
107,3,taksiciye,6
107,4,1,11
107,5,5,11
107,6,yýl,11
107,7,hapis,9
107,8,cezasý,9
107,9,istendi,9
107,10,fnpToJLYKP,11
107,11,jWRfPvP4mo,11
108,1,Fenerbahçe,10
108,2,Zalgiris,10
108,3,Kaunas,10
108,4,ý,11
108,5,maðlup,11
108,6,etti,9
108,7,75ZJIqG9Cg,5
108,8,aeDUz1bJup,5
109,1,ABD,5
109,2,de,11
109,3,silahlý,9
109,4,saldýrý,9
109,5,Rehineler,11
109,6,var,11
109,7,gELVoSvXcR,11
109,8,Am8Y1Za7yu,11
110,1,Morgan,10
110,2,Stanley,10
110,3,Dolar,11
110,4,zayýflayacak,11
110,5,QxJLGBlRDz,11
110,6,BLQ7yTH8gI,11
111,1,Emekliye,11
111,2,224,11
111,3,TL,11
111,4,zam,11
111,5,djTIAcfnIP,11
111,6,DnHihZhebD,11
112,1,TSK,7
112,2,Cinderes,8
112,3,merkezini,11
112,4,ele,11
112,5,geçirdi,11
112,6,fpdpTuJiwn,11
112,7,PipDFuxQg4,11
113,1,Raci,10
113,2,Þaþmaz,9
113,3,Denge,10
113,4,de,11
113,5,alým,9
113,6,yapýyor,9
113,7,IgB6bSZ0JS,11
113,8,O2PfcoAe5z,11
114,1,ÖÝB,11
114,2,o,11
114,3,ihale,11
114,4,için,11
114,5,yeniden,11
114,6,süre,11
114,7,uzattý,11
114,8,RzaqzMndF3,5
114,9,MNzpZtvUNs,5
115,1,Dallas,8
115,2,Fed,11
115,3,Baþkaný,11
115,4,ndan,11
115,5,NAFTA,11
115,6,uyarýsý,11
115,7,cprQUjeOH6,5
115,8,DtfewSRYum,5
116,1,Türk,10
116,2,dizilerinin,11
116,3,yayýndan,11
116,4,kaldýrýlýþýnda,9
116,5,Prens,11
116,6,parmaðý,11
116,7,mý,11
116,8,var,9
116,9,ls0bwgMxmr,5
116,10,HG7MECFyTQ,5
117,1,Teþvik,11
117,2,döneminde,11
117,3,1,11
117,4,milyonu,11
117,5,aþkýn,11
117,6,istihdam,9
117,7,gerçekleþti,9
117,8,UGomlYV5zQ,11
117,9,kafWEoIZE1,11
118,1,Sivas,8
118,2,taki,11
118,3,FETÖ,11
118,4,cüler,11
118,5,tutuklandý,9
118,6,6v2m5kyMgx,11
118,7,8biiaoypbh,11
119,1,Trump,10
119,2,a,11
119,3,Amerikan,10
119,4,iþ,11
119,5,dünyasýndan,11
119,6,ek,11
119,7,gümrük,11
119,8,vergisi,11
119,9,tepkisi,9
119,10,4fTdElQenU,5
119,11,wsAvq1DEim,5
120,1,Erdoðan,10
120,2,2348,11
120,3,terörist,11
120,4,etkisiz,11
120,5,hale,11
120,6,getirildi,9
120,7,ujGq4Buh9e,5
120,8,10pm6b6KF1,5
121,1,BORSA,11
121,2,ÝSTANBUL,8
121,3,GÜNÜ,11
121,4,YÜZDE,11
121,5,0,11
121,6,66,11
121,7,ORANINDA,11
121,8,DÜÞÜÞLE,11
121,9,116,11
121,10,BÝN,11
121,11,859,11
121,12,PUANDAN,11
121,13,KAPADI,9
122,1,Salih,10
122,2,Müslim,11
122,3,her,11
122,4,durakta,11
122,5,kýrmýzý,11
122,6,bülten,11
122,7,cwmpGWhm3D,5
122,8,mK3AZpd5gQ,5
123,1,Bosna,5
123,2,Hersek,5
123,3,EBRD,7
123,4,den,11
123,5,750,11
123,6,milyon,11
123,7,euro,11
123,8,kredi,11
123,9,rMd8Mxxo0w,11
123,10,fSheKOSavS,11
124,1,Akdað,11
124,2,çocuk,11
124,3,istismarýnda,11
124,4,öngörülen,11
124,5,cezayý,11
124,6,açýkladý,11
124,7,1HYK0GQO7N,11
124,8,H3dIfU8yB7,11
125,1,KRGYO,11
125,2,Karlýlýðý,11
125,3,azaldý,11
125,4,zAetWnXMOW,11
125,5,47K89xQFS4,11
126,1,Arap,11
126,2,basýnýndan,11
126,3,müthiþ,11
126,4,takas,11
126,5,iddiasý,11
126,6,2XUZx5E0jt,11
126,7,6K2AlMz8z1,11
127,1,Tahliye,9
127,2,edildi,9
127,3,ABD,8
127,4,ye,11
127,5,kaçtý,9
127,6,cJ8eGqx4Ti,5
127,7,F9UTrW1O36,5
128,1,Borsa,7
128,2,Ýstanbul,7
128,3,yükseliþle,11
128,4,açýldý,11
128,5,XkzeYUetO1,11
128,6,NMMxj6XGs0,11
129,1,BORSA,7
129,2,ÝSTANBUL,7
129,3,GÜNÜ,11
129,4,YÜZDE,11
129,5,1,11
129,6,08,11
129,7,ORANINDA,11
129,8,YÜKSELÝÞLE,11
129,9,118,11
129,10,BÝN,11
129,11,791,11
129,12,PUANDAN,11
129,13,KAPADI,11
130,1,CHP,7
130,2,den,11
130,3,istifa,11
130,4,edip,11
130,5,AK,7
130,6,Parti,7
130,7,ye,11
130,8,geçtiler,11
130,9,T85AzpRNZI,11
130,10,ANO3EhVKYG,11
131,1,Metro,7
131,2,Holding,7
131,3,2017,3
131,4,karý,11
131,5,bir,11
131,6,önceki,11
131,7,yýla,11
131,8,göre,11
131,9,397,11
131,10,arttý,11
131,11,sloMSddi8M,11
131,12,i9oG50NKf5,11
132,1,Milyonlarý,11
132,2,ilgilendiren,11
132,3,düzenleme,11
132,4,haftaya,3
132,5,Meclis,8
132,6,te,11
132,7,wfc4e35wiD,11
132,8,cLjbscebGL,11
133,1,1,11
133,2,milyon,11
133,3,dolarlýk,11
133,4,tarihi,11
133,5,eser,11
133,6,operasyonu,11
133,7,IlUzYBKqdj,11
133,8,sT7WL5n8AH,11
134,1,Ali,10
134,2,Koç,10
134,3,Aziz,10
134,4,Yýldýrým,10
134,5,a,11
134,6,meydan,11
134,7,okudu,11
134,8,GFlbLLfhJS,11
134,9,EaxfXI8NKZ,11
135,1,ABD,8
135,2,borsalarý,11
135,3,düþtü,9
135,4,küresel,11
135,5,piyasalar,11
135,6,karýþýk,11
135,7,seyretti,9
135,8,cznncCvKBl,5
135,9,zJDEppGmmn,5
136,1,Rekor,11
136,2,2017,3
136,3,de,11
136,4,1,3
136,5,milyon,11
136,6,323,3
136,7,bin,11
136,8,konuta,11
136,9,ruhsat,11
136,10,zJeu3o269C,5
136,11,Hq1N4vfo1L,5
137,1,Ýttifakýn,11
137,2,ince,11
137,3,ayrýntýlarý,11
137,4,D2hjUILa5E,5
137,5,ydE58t4YOC,5
138,1,Erdoðan,10
138,2,ile,11
138,3,Putin,10
138,4,görüþtü,9
138,5,jUUV0C0kb8,5
138,6,XpfueD5zUa,5
139,1,Türkiye,5
139,2,de,11
139,3,ilk,11
139,4,kez,11
139,5,Yerli,11
139,6,þanzýman,11
139,7,o3rTn3E8gp,11
139,8,EkP8kPJYy9,11
140,1,Balkaya,11
140,2,Pastanesi,8
140,3,Balýkesir,8
140,4,bugunnereyegitsem,9
140,5,6HwE9WtbAc,11
141,1,Maharet,8
141,2,Döner,8
141,3,Ýzmir,5
141,4,Bayraklý,5
141,5,bugunnereyegitsem,11
141,6,maharetdoner,11
141,7,YdSBHqsVTY,11
142,1,Manufaktura,11
142,2,Belgrade,8
142,3,bugunnereyegitsem,4
142,4,b4zEBgByS0,11
143,1,Daha,11
143,2,iyisi,11
143,3,yok,11
143,4,Öz,8
143,5,Ýkizler,8
143,6,Künefe,8
143,7,Gaziantep,5
143,8,bugunnereyegitsem,11
143,9,2BgJqE5IeS,11
144,1,Ýmam,8
144,2,Çaðdaþ,8
144,3,Gaziantep,5
144,4,bugunnereyegitsem,11
144,5,19F61Vb0Y9,11
145,1,Gönül,11
145,2,Kahvesi,11
145,3,Caddebostan,8
145,4,bugunnereyegitsem,4
145,5,FmPgYytp9u,5
146,1,Kemal,10
146,2,Usta,11
146,3,Waffle,11
146,4,Erenköy,8
146,5,bugunnereyegitsem,4
146,6,Waffles,11
146,7,gIQr87ge20,11
147,1,The,8
147,2,Galliard,8
147,3,Etiler,5
147,4,bugunnereyegitsem,11
147,5,ersinsuzer,11
147,6,thegalliard,11
147,7,14subat,3
147,8,GALLIARD,11
147,9,6p2fD8WDds,11
148,1,Nar,11
148,2,Bahçesi,11
148,3,Çengelköy,8
148,4,bugunnereyegitsem,4
148,5,narbahcesicafe,8
148,6,r1orYJZxnY,11
149,1,iyigeceler,11
149,2,arkadaslarinizietiketleyin,11
149,3,y7QWZBGEPL,11
150,1,3,11
150,2,Adamý,11
150,3,Ýzleyenler,9
150,4,el,11
150,5,kaldýrsýn,11
150,6,Sur,11
150,7,Yapý,11
150,8,Exen,7
150,9,Ýstanbul,8
150,10,Yp1U9qsQti,5
151,1,Lacivert,11
151,2,Restaurant,11
151,3,Anadoluhisarý,8
151,4,bugunnereyegitsem,4
151,5,ZyMyt7zH1m,11
152,1,Sevdiklerinizi,11
152,2,Mutlu,11
152,3,Edin,9
152,4,ciceksepeti,4
152,5,bng,11
152,6,yiuql5aTYx,5
153,1,Cumartesi,11
153,2,klasiði,11
153,3,Dürümcü,8
153,4,Emmi,11
153,5,de,11
153,6,Beyran,11
153,7,euovdrRcg4,11
154,1,Sapphire,8
154,2,Istanbul,8
154,3,4,11
154,4,Levent,5
154,5,bugunnereyegitsem,11
154,6,bng,11
154,7,Ýstanbul,5
154,8,GvimGwsgPJ,11
155,1,Sapphire,11
155,2,Istanbul,8
155,3,bugunnereyegitsem,4
155,4,Ýstanbul,11
155,5,Seyir,11
155,6,Terasi,11
155,7,TOM98qVGt0,5
156,1,Rumeli,10
156,2,Çikolatacýsý,10
156,3,Acibadem,8
156,4,bugunnereyegitsem,11
156,5,bng,11
156,6,Iftar,10
156,7,sonrasý,11
156,8,ziyarete,11
156,9,geldik,11
156,10,Bekleriz,11
156,11,GDOHd367kJ,11
157,1,34,11
157,2,5,11
157,3,Ege,11
157,4,Fast,11
157,5,Food,11
157,6,Koþuyolu,11
157,7,bugunnereyegitsem,4
157,8,bng,11
157,9,seuhL2aRiV,5
158,1,Keþke,11
158,2,hep,11
158,3,böyle,11
158,4,olsan,11
158,5,Allahkabuletsin,9
158,6,istanbul,8
158,7,mkFFlo8JAn,5
159,1,Sahurda,3
159,2,Nerdesiniz,11
159,3,Varyap,11
159,4,Meridian,11
159,5,C,11
159,6,blok,11
159,7,vsSim0yiSL,11
160,1,Godiva,8
160,2,Akasya,7
160,3,Avm,7
160,4,bugunnereyegitsem,11
160,5,bng,11
160,6,G4hQH2sorl,11
161,1,Koþuyoluna,11
161,2,böyle,11
161,3,bir,11
161,4,mekan,11
161,5,lazýmdý,11
161,6,hayýrlý,11
161,7,olsun,11
161,8,Sherbet,8
161,9,Koþuyolu,5
161,10,bugunnereyegitsem,11
161,11,NbzdkAt36d,11
162,1,Sole,8
162,2,Mare,8
162,3,Çeþme,5
162,4,bugunnereyegitsem,11
162,5,cesmesolemare,11
162,6,MPqXrraV8g,11
163,1,Herþey,11
163,2,için,11
163,3,teþekkürler,11
163,4,güzeeeeeeeeeeel,11
163,5,insan,11
163,6,aysehatunonal11,4
163,7,Sheraton,8
163,8,Bursa,8
163,9,wyO5fSckpf,11
164,1,Pazar,9
164,2,Kahvaltýsý,9
164,3,Cookline,8
164,4,Pancake,8
164,5,Baðdat,5
164,6,Caddesi,5
164,7,Þaþkýnbakkal,5
164,8,bng,11
164,9,bugunnereyegitsem,11
164,10,wTPuwUAXGE,11
165,1,LIVE,11
165,2,on,11
165,3,Periscope,11
165,4,Süpermoms,11
165,5,Þenliði,11
165,6,Maltepe,11
165,7,Cevahir,8
165,8,Otel,11
165,9,yewwe1cts6,5
166,1,Kemal,10
166,2,Usta,10
166,3,Waffle,11
166,4,Mado,7
166,5,bugunnereyegitsem,11
166,6,bng,11
166,7,kemalustawaffle,11
166,8,Waffles,11
166,9,Moda,11
166,10,ywGwZS3BJW,11
167,1,Kimler,11
167,2,burada,11
167,3,olmak,11
167,4,ister,11
167,5,wBONrowZlg,11
168,1,Mado,11
168,2,Emirgan,8
168,3,bugunnereyegitsem,11
168,4,bng,11
168,5,MADO,7
168,6,http,11
168,7,WYDOx3FWiS,5
169,1,Cookline,11
169,2,Pancake,11
169,3,Baðdat,8
169,4,Caddesi,11
169,5,Þaþkýnbakkal,11
169,6,bng,11
169,7,bugunnereyegitsem,4
169,8,bagdatcaddesi,11
169,9,cookline,11
169,10,http,11
169,11,K7MwfzCq24,5
170,1,Ankara,5
170,2,ya,11
170,3,doðru,11
170,4,yola,11
170,5,çýktýk,11
170,6,akþam,11
170,7,yemegine,11
170,8,nereye,11
170,9,gidelim,11
170,10,önerileri,11
170,11,alalým,11
170,12,http,11
170,13,2jAgemNcri,11
171,1,Aný,11
171,2,Yakala,11
171,3,http,11
171,4,6GF4QM5gpC,11
172,1,Gazebo,11
172,2,Cafe,8
172,3,amp,11
172,4,Restaurant,8
172,5,bugunnnereyegitsem,5
172,6,bng,11
172,7,gazebo,11
172,8,http,11
172,9,k1k4BpY2QO,11
173,1,Kahvaltý,11
173,2,önerimiz,11
173,3,The,8
173,4,Mono,8
173,5,Restaurant,8
173,6,Sakarya,5
173,7,bugunnereyegitsem,11
173,8,günaydýn,11
173,9,sakarya,11
173,10,kahvaltý,11
173,11,http,11
173,12,bxNraATuTP,11
174,1,Eataly,8
174,2,Zorlu,7
174,3,Center,7
174,4,bugunnereyegitsem,11
174,5,eataly,11
174,6,zorlucenter,11
174,7,http,11
174,8,DaN1kAjeiz,11
175,1,Akþam,3
175,2,yemegi,3
175,3,önerimiz,11
175,4,Çömlek,8
175,5,Çamlýca,8
175,6,bugunnereyegitsem,11
175,7,çömlek,11
175,8,Kurufasulye,11
175,9,http,11
175,10,DPeXkQvfAh,11
176,1,Tatlý,11
176,2,önerimiz,11
176,3,Cara,11
176,4,amp,11
176,5,Mocca,11
176,6,Koþuyolu,8
176,7,bugunnereyegitsem,4
176,8,http,5
176,9,sOiKcomElJ,5
177,1,Harika,11
177,2,sunumlarýyla,11
177,3,þýk,11
177,4,dekorasyonuyla,11
177,5,Fiyonk,11
177,6,Bakery,11
177,7,bugunnereyegitsem,4
177,8,fiyonkbakery,11
177,9,http,11
177,10,S7zBiM3usp,5
178,1,Kýzýnýn,11
178,2,doðduðu,11
178,3,gün,11
178,4,annesi,11
178,5,öldü,9
178,6,iki,11
178,7,oðlu,11
178,8,yoðun,11
178,9,bakýmda,11
178,10,dKEU2TcRey,11
178,11,pNjsJ2YhaD,11
179,1,Kendisine,11
179,2,tecavüz,4
179,3,eden,11
179,4,kiþiyi,11
179,5,öldüren,9
179,6,Nevin,10
179,7,Yýldýrým,10
179,8,için,11
179,9,karar,11
179,10,verildi,9
179,11,M1vLVolRze,11
179,12,4yNKPFrieK,11
180,1,Çavuþoðlu,10
180,2,ndan,11
180,3,Merkel,10
180,4,yanýt,11
180,5,YPG,11
180,6,ile,11
180,7,ayný,11
180,8,üslup,11
180,9,Oin4k8cGKm,11
181,1,Konya,5
181,2,da,11
181,3,194,11
181,4,ton,11
181,5,10,11
181,6,numara,11
181,7,yað,11
181,8,ele,11
181,9,geçirildi,11
181,10,1BdwEAShVo,11
181,11,AlASNzC5wT,11
182,1,Belediye,6
182,2,Baþkanýnýn,6
182,3,makam,11
182,4,odasýnda,11
182,5,beylik,11
182,6,sancaðý,11
182,7,IHdsjtlfz6,11
182,8,arV0jQSK7H,11
183,1,cnnturksndakika,11
183,2,SONDAKÝKA,11
183,3,Ýstanbul,8
183,4,Esenyurt,8
183,5,ta,11
183,6,silahlý,11
183,7,saldýrý,9
183,8,e7rUD94deC,11
183,9,EmeMd0tFim,11
184,1,CNNTURKSpor,4
184,2,Kyle,10
184,3,Korver,10
184,4,ýn,11
184,5,kardeþi,11
184,6,hayatýný,11
184,7,kaybetti,9
184,8,u4Yt5kVp3x,5
184,9,jROYktb0CA,5
185,1,Çavuþoðlu,10
185,2,ABD,5
185,3,nin,11
185,4,açýklamasýna,11
185,5,yanýt,11
185,6,verdi,11
185,7,m6Jw2ukCQY,11
186,1,Afrin,5
186,2,de,11
186,3,teröristlerin,11
186,4,tünelleri,11
186,5,görüntüledi,11
186,6,yrv9d58u0k,11
187,1,Cumhurbaþkaný,11
187,2,Erdoðan,10
187,3,AK,11
187,4,Parti,11
187,5,li,11
187,6,45,11
187,7,milletvekiliyle,11
187,8,görüþüyor,9
187,9,ha0OnI8Ooe,5
187,10,S1KBBdDjS6,5
188,1,Türk,4
188,2,bayraðýna,11
188,3,bastýðý,11
188,4,fotoðrafý,11
188,5,paylaþmýþtý,11
188,6,tutuklandý,9
188,7,N4FbhZXVvc,11
188,8,DDE01bfeRX,11
189,1,Fransa,5
189,2,da,11
189,3,üniversiteye,8
189,4,kayyum,9
189,5,atandý,9
189,6,l0rRYNE4AI,11
189,7,VmVnBGCjtQ,11
190,1,Irak,11
190,2,ta,11
190,3,baharýn,11
190,4,baþlangýcýný,11
190,5,simgeleyen,11
190,6,Nevruz,11
190,7,bayramý,11
190,8,kutlandý,11
190,9,yüzlerce,11
190,10,kiþi,11
190,11,meþalelerle,11
190,12,Akre,11
190,13,Tepesi,11
190,14,ne,11
190,15,çýktý,11
190,16,QOXcG10ofm,5
190,17,ApfjaLM8sZ,5
191,1,Mehmed,10
191,2,Bir,11
191,3,Cihan,8
191,4,Fatihi,10
191,5,dizisinde,11
191,6,Kosova,8
191,7,Muharebesi,9
191,8,nefesleri,11
191,9,kesti,9
191,10,xqkhaiUWom,11
192,1,CNNTURKSpor,7
192,2,Eczacýbaþý,9
192,3,finale,9
192,4,çýktý,9
192,5,ZTlI77eg8w,11
192,6,whBzCyvpZq,11
193,1,Halk,8
193,2,otobüsünde,8
193,3,iðrenç,11
193,4,olay,11
193,5,Üniversitelileri,11
193,6,taciz,9
193,7,edip,9
193,8,mastürbasyon,11
193,9,yaptý,11
193,10,ZPoHf0YGf0,11
193,11,Isqp3QatvM,11
194,1,Üsküdar,5
194,2,ýn,11
194,3,bakkal,11
194,4,Kanber,10
194,5,amcasý,11
194,6,Ýyilik,9
194,7,Ödülleri,9
194,8,töreninde,11
194,9,ödüle,11
194,10,layýk,11
194,11,görülmüþtü,11
194,12,q9YsEdVdpF,11
195,1,cnnturkrenk,4
195,2,Elon,10
195,3,Musk,10
195,4,tan,11
195,5,þaþýrtan,9
195,6,açýklama,11
195,7,Babam,11
195,8,bir,11
195,9,þeytan,11
195,10,WRUT17YhMW,5
195,11,665AwZ1Ygo,5
196,1,Davutoðlu,10
196,2,ÝBB,10
196,3,Baþkanlýðý,11
196,4,na,11
196,5,aday,11
196,6,olacaðý,11
196,7,yolundaki,11
196,8,iddiaya,11
196,9,yanýt,11
196,10,verdi,9
196,11,wreN8VssOB,5
196,12,5HgvZEuEWk,5
197,1,Muhalif,11
197,2,Rus,10
197,3,iþ,11
197,4,adamý,11
197,5,Londra,8
197,6,da,11
197,7,boðularak,9
197,8,öldürüldü,9
197,9,qHFtxxpECF,5
197,10,gXE5rhLdep,5
198,1,Genelkurmay,8
198,2,arþivinden,11
198,3,Çanakkale,9
198,4,Zaferi,9
198,5,fotoðraflarý,11
198,6,EfS97AzTv6,11
198,7,k2Dao6b0xp,11
199,1,Bakanlýk,8
199,2,harekete,11
199,3,geçti,11
199,4,Çiftlik,7
199,5,Bank,7
199,6,tan,11
199,7,sonra,11
199,8,sýrada,11
199,9,Çýlgýn,7
199,10,Tavuklar,7
199,11,var,11
199,12,7d89vkzgWE,11
199,13,8ZRCGTmtoK,11
200,1,Kaza,11
200,2,yaptý,9
200,3,yaralý,11
200,4,arkadaþlarýný,11
200,5,býrakýp,11
200,6,kaçtý,9
200,7,BGVyUAn87B,5
200,8,wJa8dYBZfu,5
201,1,Afrin,5
201,2,þehir,5
201,3,merkezine,5
201,4,Türk,9
201,5,bayraðý,9
201,6,asýldý,9
201,7,phnXbR5x0G,11
201,8,EdaMvoSfvK,11
202,1,cnnturkrenk,7
202,2,Özcan,10
202,3,Deniz,10
202,4,ile,11
202,5,Feyza,10
202,6,Aktan,10
202,7,evlendi,9
202,8,Ýþte,8
202,9,ilk,9
202,10,fotoðraflar,11
202,11,AVfEMU1utX,11
202,12,8JoFrfZGX7,11
203,1,Çanakkale,11
203,2,de,11
203,3,bu,11
203,4,yollar,11
203,5,kapatýlacak,9
203,6,TTGligsnAK,5
203,7,vlaAnLnEfz,5
204,1,Bahçelievler,5
204,2,de,11
204,3,iki,11
204,4,araba,11
204,5,kundaklandý,9
204,6,UbarLpQJNT,11
204,7,SdlNmZ76dF,11
205,1,Çanakkale,8
205,2,de,11
205,3,bu,11
205,4,yollar,11
205,5,kapatýlacak,9
205,6,TTGligsnAK,5
205,7,JGAnYdypP4,5
206,1,Polis,11
206,2,kaçan,11
206,3,þüphelilerin,11
206,4,attýðý,11
206,5,uyuþturucu,11
206,6,maddeleri,11
206,7,tek,11
206,8,topladý,9
206,9,ZkVakD0uaj,5
206,10,VUxycewzS7,5
207,1,Lise,11
207,2,öðrencilerinden,11
207,3,Mehmetçik,11
207,4,destek,11
207,5,3KwmxZUfZL,11
207,6,92ufobk5QE,11
208,1,CHP,11
208,2,li,11
208,3,Haluk,10
208,4,Pekþen,11
208,5,Bu,11
208,6,ittifak,11
208,7,yasasý,11
208,8,kanuna,11
208,9,karþý,11
208,10,hile,11
208,11,ITIw8lCpVL,5
208,12,TSYByEqQF2,5
209,1,CNNTURKKSanat,4
209,2,Eski,11
209,3,sevgili,11
209,4,sizinle,11
209,5,ayný,11
209,6,gün,11
209,7,yan,11
209,8,salonda,11
209,9,evlenirse,9
209,10,NGzbmgpvN8,5
210,1,CNNTURKSpor,7
210,2,Beþiktaþ,5
210,3,ýn,11
210,4,115,11
210,5,yýl,11
210,6,formasý,11
210,7,ortalýðý,11
210,8,karýþtýrdý,11
210,9,4b6uwEjkb9,11
210,10,ItJ6u1VLv0,11
211,1,18,3
211,2,Mart,3
211,3,Miladi,3
211,4,takvim,11
211,5,ne,11
211,6,göre,11
211,7,yýlýn,11
211,8,77,11
211,9,artýk,11
211,10,yýllarda,11
211,11,78,11
211,12,günüdür,11
211,13,Yýl,11
211,14,sonuna,11
211,15,kadar,11
211,16,kalan,11
211,17,288,11
211,18,gün,11
211,19,vardýr,11
212,1,Ýstanbul,5
212,2,Taksiciler,6
212,3,Esnaf,6
212,4,Odasý,7
212,5,Baþkaný,6
212,6,Eyüp,10
212,7,Aksu,10
212,8,Taksici,6
212,9,esnafý,11
212,10,ekmeði,11
212,11,için,11
212,12,emeði,11
212,13,her,11
212,14,þeyi,11
212,15,yapar,11
212,16,jlZY57KeoB,11
213,1,12,11
213,2,Mart,3
213,3,Miladi,11
213,4,takvim,11
213,5,ne,11
213,6,göre,11
213,7,yýlýn,11
213,8,71,11
213,9,artýk,11
213,10,yýllarda,11
213,11,72,11
213,12,günüdür,11
213,13,Yýl,11
213,14,sonuna,11
213,15,kadar,11
213,16,kalan,11
213,17,294,11
213,18,gün,11
213,19,vardýr,11
214,1,11,11
214,2,03,11
214,3,1988,3
214,4,Montajýnýn,9
214,5,tamamý,11
214,6,Türkiye,5
214,7,de,11
214,8,yapýlan,11
214,9,ilk,11
214,10,F,11
214,11,16,11
214,12,Hava,8
214,13,Kuvvetleri,8
214,14,Komutanlýðý,8
214,15,na,11
214,16,teslim,11
214,17,edildi,11
215,1,11,11
215,2,03,11
215,3,1702,3
215,4,Ýngiltere,5
215,5,nin,11
215,6,günlük,11
215,7,olarak,11
215,8,yayýmlanan,11
215,9,ilk,11
215,10,ulusal,11
215,11,gazetesi,11
215,12,Daily,9
215,13,Courant,9
215,14,çýkmaya,11
215,15,baþladý,11
216,1,11,3
216,2,03,3
216,3,1867,3
216,4,Giuseppe,10
216,5,Verdi,10
216,6,nin,11
216,7,Don,11
216,8,Carlos,11
216,9,operasý,8
216,10,ilk,11
216,11,kez,11
216,12,Paris,5
216,13,te,11
216,14,Théâtre,8
216,15,Impérial,8
216,16,de,11
216,17,l,11
216,18,Opéra,8
216,19,da,11
216,20,sahnelendi,9
217,1,11,3
217,2,Mart,3
217,3,Miladi,10
217,4,takvim,10
217,5,ne,11
217,6,göre,11
217,7,yýlýn,11
217,8,70,11
217,9,artýk,11
217,10,yýllarda,11
217,11,71,11
217,12,günüdür,11
217,13,Yýl,11
217,14,sonuna,11
217,15,kadar,11
217,16,kalan,11
217,17,295,11
217,18,gün,11
217,19,vardýr,11
218,1,4,3
218,2,Mart,3
218,3,Miladi,11
218,4,takvim,11
218,5,ne,11
218,6,göre,11
218,7,yýlýn,11
218,8,63,11
218,9,artýk,11
218,10,yýllarda,11
218,11,64,11
218,12,günüdür,11
218,13,Yýl,11
218,14,sonuna,11
218,15,kadar,11
218,16,kalan,11
218,17,302,11
218,18,gün,11
218,19,vardýr,11
219,1,3,11
219,2,Mart,11
219,3,Miladi,11
219,4,takvim,11
219,5,ne,11
219,6,göre,11
219,7,yýlýn,11
219,8,62,11
219,9,artýk,11
219,10,yýllarda,11
219,11,63,11
219,12,günüdür,11
219,13,Yýl,11
219,14,sonuna,11
219,15,kadar,11
219,16,kalan,11
219,17,303,11
219,18,gün,11
219,19,vardýr,11
220,1,2,11
220,2,Mart,11
220,3,Miladi,11
220,4,takvim,11
220,5,ne,11
220,6,göre,11
220,7,yýlýn,11
220,8,61,11
220,9,artýk,11
220,10,yýllarda,11
220,11,62,11
220,12,günüdür,11
220,13,Yýl,11
220,14,sonuna,11
220,15,kadar,11
220,16,kalan,11
220,17,304,11
220,18,gün,11
220,19,vardýr,11
221,1,01,3
221,2,03,11
221,3,1989,3
221,4,Türkiye,5
221,5,nin,11
221,6,ilk,11
221,7,özel,11
221,8,TV,7
221,9,kanalý,11
221,10,Star,7
221,11,1,3
221,12,StarTV,7
221,13,yayýn,9
221,14,hayatýna,9
221,15,baþladý,9
221,16,5GbeI0NSz3,11
222,1,1,11
222,2,Mart,3
222,3,Gregoryen,11
222,4,Takvimi,11
222,5,ne,11
222,6,göre,11
222,7,yýlýn,11
222,8,60,11
222,9,artýk,11
222,10,yýllarda,11
222,11,61,11
222,12,günüdür,11
222,13,Yýl,11
222,14,sonuna,11
222,15,kadar,11
222,16,kalan,11
222,17,305,11
222,18,gün,11
222,19,vardýr,11
223,1,28,11
223,2,Þubat,11
223,3,Gregoryen,11
223,4,Takvimi,11
223,5,ne,11
223,6,göre,11
223,7,yýlýn,11
223,8,59,11
223,9,günüdür,11
223,10,Yýl,11
223,11,sonuna,11
223,12,kadar,11
223,13,kalan,11
223,14,306,11
223,15,gün,11
223,16,vardýr,11
223,17,artýk,11
223,18,yýllarda,11
223,19,307,11
224,1,27,11
224,2,02,11
224,3,1863,11
224,4,Türkiye,5
224,5,de,11
224,6,bilinen,11
224,7,ilk,11
224,8,resim,11
224,9,sergisi,11
224,10,Ýstanbul,5
224,11,Atmeydaný,5
224,12,nda,11
224,13,Sultanahmet,5
224,14,Meydaný,5
224,15,açýldý,9
225,1,27,11
225,2,02,11
225,3,1964,11
225,4,Coca,7
225,5,Cola,7
225,6,nýn,11
225,7,dünya,11
225,8,üzerindeki,11
225,9,1916,11
225,10,ncý,11
225,11,fabrikasý,9
225,12,Ýstanbul,5
225,13,da,11
225,14,açýldý,9
225,15,XZUasvKkp4,11
226,1,27,11
226,2,Þubat,11
226,3,Gregoryen,11
226,4,Takvimi,11
226,5,ne,11
226,6,göre,11
226,7,yýlýn,11
226,8,58,11
226,9,günüdür,11
226,10,Yýl,11
226,11,sonuna,11
226,12,kadar,11
226,13,kalan,11
226,14,307,11
226,15,gün,11
226,16,vardýr,11
226,17,artýk,11
226,18,yýllarda,11
226,19,308,11
227,1,26,11
227,2,02,11
227,3,1992,11
227,4,Hocalý,9
227,5,Katliamý,9
227,6,Azerbaycan,5
227,7,ýn,11
227,8,kentine,11
227,9,giren,11
227,10,silahlý,11
227,11,Ermeni,10
227,12,gruplar,11
227,13,613,11
227,14,Azeri,9
227,15,yi,11
227,16,öldürdü,9
227,17,nyHvBuOJxm,11
228,1,26,11
228,2,Þubat,11
228,3,Gregoryen,11
228,4,Takvimi,11
228,5,ne,11
228,6,göre,11
228,7,yýlýn,11
228,8,57,11
228,9,günüdür,11
228,10,Yýl,11
228,11,sonuna,11
228,12,kadar,11
228,13,kalan,11
228,14,308,11
228,15,gün,11
228,16,vardýr,11
228,17,artýk,11
228,18,yýllarda,11
228,19,309,11
229,1,25,11
229,2,Þubat,3
229,3,Gregoryen,11
229,4,Takvimi,11
229,5,ne,11
229,6,göre,11
229,7,yýlýn,11
229,8,56,11
229,9,günüdür,11
229,10,Yýl,11
229,11,sonuna,11
229,12,kadar,11
229,13,kalan,11
229,14,309,11
229,15,gün,11
229,16,vardýr,11
229,17,artýk,11
229,18,yýllarda,11
229,19,310,11
230,1,24,11
230,2,02,11
230,3,1955,11
230,4,Apple,7
230,5,Inc,11
230,6,Next,7
230,7,Computer,7
230,8,Pixar,7
230,9,Animasyon,7
230,10,Stüdyolarý,7
230,11,nýn,11
230,12,kurucusu,11
230,13,Steve,10
230,14,Jobs,10
230,15,ABD,5
230,16,de,11
230,17,doðdu,11
230,18,ö,11
230,19,2011,11
230,20,0Ym02Rq0lR,11
231,1,Onbir,11
231,2,ayýn,11
231,3,sultaný,11
231,4,Kösem,10
231,5,Sultan,10
231,6,Ýftar,11
231,7,Menüsü,11
231,8,Süleymaniye,5
231,9,HayýrlýRamazanlar,11
231,10,Detaylý,11
231,11,Bilgi,11
231,12,TUeQtvdDeQ,11
231,13,S0VfvAmtKA,11
232,1,Serpme,11
232,2,Kahvaltý,11
232,3,Seyr,8
232,4,i,11
232,5,Cihan,7
232,6,Cafe,8
232,7,Restaurant,11
232,8,Ýstanbul,5
232,9,Fatih,5
232,10,Süleymaniye,5
232,11,Çalýþma,11
232,12,Saatleri,11
232,13,Hafta,3
232,14,Ýçi,3
232,15,09,11
232,16,00,11
232,17,01,11
232,18,0,2
232,19,212,2
232,20,570,2
232,21,70,2
232,22,07,11
232,23,54,11
232,24,2,11
232,25,Kiþi,11
232,26,12,11
232,27,Sosis,11
232,28,Tabaðý,11
232,29,10,11
232,30,Gözleme,11
232,31,Menemen,11
232,32,Portakal,11
232,33,Suyu,11
232,34,fiyata,11
232,35,dahil,11
232,36,deðildir,11
232,37,yemekneredeyenircom,11
232,38,aojrWfDtJ6,11
233,1,yeceaslan,11
233,2,Biz,11
233,3,de,11
233,4,seni,11
233,5,minnoþ,11
234,1,15,3
234,2,Aðustos,3
234,3,Gregoryen,11
234,4,Takvimi,11
234,5,ne,11
234,6,göre,11
234,7,yýlýn,11
234,8,227,11
234,9,artýk,11
234,10,yýllarda,11
234,11,228,11
234,12,günüdür,11
234,13,Yýl,11
234,14,sonuna,11
234,15,kadar,11
234,16,kalan,11
234,17,138,11
234,18,gün,11
234,19,vardýr,11
235,1,13,11
235,2,Aðustos,3
235,3,Gregoryen,11
235,4,Takvimi,11
235,5,ne,11
235,6,göre,11
235,7,yýlýn,11
235,8,225,11
235,9,artýk,11
235,10,yýllarda,11
235,11,226,11
235,12,günüdür,11
235,13,Yýl,11
235,14,sonuna,11
235,15,kadar,11
235,16,kalan,11
235,17,140,11
235,18,gün,11
235,19,vardýr,11
236,1,Adana,5
236,2,da,11
236,3,film,11
236,4,gibi,11
236,5,olay,11
236,6,Polis,6
236,7,araçlarýna,11
236,8,çarparak,11
236,9,kaçtý,11
236,10,peþine,11
236,11,20,11
236,12,ekip,11
236,13,aracý,11
236,14,takýldý,11
236,15,6OB6tgBEwd,11
236,16,Mll8Wblg6m,11
237,1,30,3
237,2,Kasým,3
237,3,Miladi,11
237,4,takvim,11
237,5,ne,11
237,6,göre,11
237,7,yýlýn,11
237,8,334,11
237,9,artýk,11
237,10,yýllarda,11
237,11,335,11
237,12,günüdür,11
237,13,Yýl,11
237,14,sonuna,11
237,15,kadar,11
237,16,kalan,11
237,17,31,11
237,18,gün,11
237,19,vardýr,11
238,1,cnnturkrenk,11
238,2,Avukatýndan,6
238,3,açýklama,11
238,4,geldi,11
238,5,Berk,10
238,6,Oktay,10
238,7,eþi,11
238,8,Merve,10
238,9,Þarapçýoðlu,10
238,10,hacker,6
238,11,kurbaný,11
238,12,g18rkXFdLG,11
238,13,IC0f,11
239,1,Cem,10
239,2,Uzan,10
239,3,baðýþ,11
239,4,yaptý,11
239,5,Ýngiltere,5
239,6,karýþtý,11
239,7,Eþi,11
239,8,Prensle,10
239,9,yan,11
239,10,yana,11
239,11,otursun,11
239,12,diye,11
239,13,ae8ayiyu1d,11
239,14,FCylIHdEFm,11
240,1,10,3
240,2,Þubat,3
240,3,Miladi,11
240,4,takvim,11
240,5,ne,11
240,6,göre,11
240,7,yýlýn,11
240,8,41,11
240,9,günüdür,11
240,10,Yýl,11
240,11,sonuna,11
240,12,kadar,11
240,13,kalan,11
240,14,324,11
240,15,gün,11
240,16,vardýr,11
240,17,artýk,11
240,18,yýllarda,11
240,19,325,11
241,1,Beyran,11
241,2,Adý,11
241,3,geçtiði,11
241,4,an,11
241,5,ansýzýn,11
241,6,Dürümcü,8
241,7,Emmi,8
241,8,ye,11
241,9,doðru,11
241,10,yola,11
241,11,çýkýlýr,11
241,12,yoksa,11
241,13,uyuyamam,11
241,14,UfpmODT2oG,11
242,1,Izgara,11
242,2,amp,11
242,3,Kebap,11
242,4,Çeþitleri,11
242,5,Kimyon,11
242,6,Ýstanbul,11
242,7,karsýyaka,11
242,8,Kadýköy,11
242,9,Kadife,11
242,10,Sokak,11
242,11,Çalýþma,11
242,12,Saatleri,11
242,13,09,11
242,14,00,11
242,15,05,11
242,16,0,11
242,17,216,11
242,18,330,11
242,19,48,11
242,20,45,11
242,21,24,11
242,22,Adana,5
242,23,22,11
242,24,Köfte,11
242,25,19,11
242,26,Tavuk,11
242,27,Þiþ,11
242,28,Kanat,11
242,29,14,11
242,30,Çið,11
242,31,Porsiyon,11
242,32,yemekneredeyenircom,11
242,33,MNX02s31c4,11
243,1,Bu,11
243,2,yaðmurlu,11
243,3,havada,11
243,4,bng,11
243,5,2DIqAU1BV7,11
244,1,01,11
244,2,31,11
244,3,de,11
244,4,gerçekleþen,11
244,5,6,11
244,6,2,11
244,7,büyüklüðünde,11
244,8,merkezüssü,11
244,9,Muðla,5
244,10,olan,11
244,11,deprem,9
244,12,Ýzmir,5
244,13,çevre,11
244,14,illerden,11
244,15,hissedildi,11
244,16,qc2odc01yU,11
245,1,26,1
245,2,Þubat,11
245,3,Gregoryen,11
245,4,Takvimi,11
245,5,ne,11
245,6,göre,11
245,7,yýlýn,11
245,8,57,1
245,9,günüdür,9
245,10,Yýl,3
245,11,sonuna,11
245,12,kadar,11
245,13,kalan,11
245,14,308,11
245,15,gün,11
245,16,vardýr,11
245,17,artýk,11
245,18,yýllarda,11
245,19,309,11
246,1,Avrupa,8
246,2,Konseyi,11
246,3,rakamlarý,11
246,4,açýkladý,9
246,5,Türkiye,8
246,6,daki,11
246,7,43,1
246,8,ülke,8
246,9,arasýnda,11
246,10,tutuklu,11
246,11,hükümlü,11
246,12,sayýsýnda,11
246,13,birinci,11
246,14,Rarg9BhbOP,11
246,15,ILlOLlXKTS,11
247,1,Neden,11
247,2,böyle,11
247,3,bakýyorsun,9
247,4,Big,11
247,5,Chacha,11
247,6,s,11
247,7,Burger,11
247,8,amp,11
247,9,Pizza,11
247,10,Steak,11
247,11,Ýstanbul,8
247,12,Çengelköy,8
247,13,burger,11
247,14,cuma,11
247,15,steak,11
247,16,FzlWBEIeBf,11
248,1,Günaydýn,9
248,2,SerpmeKahvaltý,8
248,3,Hak,11
248,4,Evrensel,11
248,5,Hatay,8
248,6,Sofrasý,11
248,7,Ýstanbul,8
248,8,Florya,8
248,9,0,11
248,10,212,11
248,11,663,11
248,12,07,11
248,13,00,11
248,14,45,1
248,15,Kiþi,11
248,16,Baþý,11
248,17,2T5bfODKtm,11
249,1,21,1
249,2,Eylül,3
249,3,Miladi,11
249,4,takvim,11
249,5,ne,11
249,6,göre,11
249,7,yýlýn,11
249,8,264,11
249,9,artýk,11
249,10,yýllarda,11
249,11,265,11
249,12,günüdür,9
249,13,Yýl,11
249,14,sonuna,11
249,15,kadar,11
249,16,kalan,11
249,17,101,11
249,18,gün,11
249,19,vardýr,11
250,1,CNNTURKSpor,4
250,2,Cedi,11
250,3,Osman,10
250,4,dan,11
250,5,mesaj,11
250,6,var,9
250,7,Sevilmek,9
250,8,kadar,11
250,9,mutluluk,11
250,10,verici,11
250,11,bir,11
250,12,þey,11
250,13,yok,9
250,14,XsPSTwuOmu,11
250,15,AbU4ox0gxY,11
251,1,Bam,11
251,2,s,11
251,3,Kahvaltý,11
251,4,Cafe,11
251,5,Restaurant,11
251,6,Ýstanbul,8
251,7,Acýbadem,8
251,8,bams_cafe,4
251,9,Çalýþma,11
251,10,Saatleri,11
251,11,06,11
251,12,00,11
251,13,03,11
251,14,0,11
251,15,21,1
251,16,jIRcR76VCH,5
252,1,Týp,11
252,2,Bayramý,11
252,3,Kutlu,11
252,4,Olsun,9
252,5,Avro6F9Csi,5
253,1,4,3
253,2,Mayýs,3
253,3,Gregoryen,10
253,4,Takvimi,10
253,5,ne,11
253,6,göre,11
253,7,yýlýn,11
253,8,124,11
253,9,artýk,11
253,10,yýllarda,11
253,11,125,11
253,12,günüdür,9
253,13,Yýl,11
253,14,sonuna,11
253,15,kadar,11
253,16,kalan,11
253,17,241,11
253,18,gün,11
253,19,vardýr,9
254,1,25,3
254,2,Þubat,3
254,3,Gregoryen,11
254,4,Takvimi,11
254,5,ne,11
254,6,göre,11
254,7,yýlýn,11
254,8,56,11
254,9,günüdür,11
254,10,Yýl,11
254,11,sonuna,11
254,12,kadar,11
254,13,kalan,11
254,14,309,11
254,15,gün,11
254,16,vardýr,11
254,17,artýk,11
254,18,yýllarda,11
254,19,310,11
255,1,29,3
255,2,12,3
255,3,1990,3
255,4,1961,3
255,5,yýlýnda,11
255,6,iþletmeden,11
255,7,kaldýrýlan,9
255,8,tramvay,11
255,9,Ýstiklal,8
255,10,Caddesi,8
255,11,nde,11
255,12,çalýþmaya,9
255,13,baþladý,9
255,14,LCdbLeXCx2,5
256,1,Saadet,11
256,2,Partisi,11
256,3,lideri,11
256,4,Erdoðan,10
256,5,a,11
256,6,kýrgýnýz,9
256,7,Gül,11
256,8,ün,11
256,9,adaylýðý,11
256,10,ihtimal,11
256,11,dahilinde,11
256,12,E0nsu50cCW,5
256,13,A8lbaGAGjs,5
257,1,Ramazanýn,10
257,2,neþesi,11
257,3,Mejdul,11
257,4,Hurma,11
257,5,HU?RMACI,11
257,6,Ýstanbul,8
257,7,Sultanahmet,11
257,8,Çalýþma,11
257,9,Saatleri,11
257,10,08,11
257,11,00,11
257,12,22,3
257,13,70,11
257,14,l7Ph4YQGEe,5
258,1,Chef,11
258,2,Kahvaltý,11
258,3,Tabaðý,11
258,4,Burj,11
258,5,Cafe,11
258,6,Ýstanbul,8
258,7,Fenerbahçe,8
258,8,Çalýþma,11
258,9,Saatleri,11
258,10,09,11
258,11,00,11
258,12,04,11
258,13,Servisi,11
258,14,0,11
258,15,OofM9hvWnD,5
259,1,13,3
259,2,Temmuz,3
259,3,Gregoryen,10
259,4,Takvimi,11
259,5,ne,11
259,6,göre,11
259,7,yýlýn,11
259,8,194,11
259,9,artýk,11
259,10,yýllarda,11
259,11,195,11
259,12,günüdür,9
259,13,Yýl,11
259,14,sonuna,11
259,15,kadar,11
259,16,kalan,11
259,17,171,11
259,18,gün,11
259,19,vardýr,9
260,1,01,3
260,2,02,3
260,3,1979,3
260,4,Milliyet,11
260,5,Gazetesi,11
260,6,Genel,11
260,7,Yayýn,11
260,8,Yönetmeni,11
260,9,Abdi,10
260,10,Ýpekçi,11
260,11,suikast,11
260,12,sonucu,11
260,13,öldürüldü,9
260,14,L72W31Es7e,5
261,1,Saadet,11
261,2,Partisi,11
261,3,lideri,11
261,4,Erdoðan,11
261,5,a,11
261,6,kýrgýnýz,11
261,7,Gül,11
261,8,ün,11
261,9,adaylýðý,11
261,10,ihtimal,11
261,11,dahilinde,11
261,12,E0nsu50cCW,5
261,13,CslvuUBUL0,5
262,1,Devlet,11
262,2,te,11
262,3,yeni,11
262,4,bir,11
262,5,özellik,11
262,6,daha,11
262,7,geliyor,11
262,8,Tek,11
262,9,týkla,11
262,10,taþýnma,11
262,11,sonrasý,11
262,12,kurum,11
262,13,gezmeye,11
262,14,son,11
262,15,ozRvEQfUJz,5
262,16,0MuKTyRDkq,5
263,1,Doymuyoruz,11
263,2,Kuzu,11
263,3,Kaburga,11
263,4,amp,11
263,5,Metrelik,11
263,6,Kebap,11
263,7,Meþhur,11
263,8,Kaburgacý,11
263,9,Yaþar,11
263,10,Adana,11
263,11,Yüreðir,11
263,12,yemekneredeyenir,4
263,13,FBdKqW1V6k,5
264,1,15,3
264,2,07,11
264,3,1955,3
264,4,Nobel,11
264,5,Ödülü,11
264,6,almýþ,11
264,7,18,3
264,8,bilim,11
264,9,adamý,11
264,10,nükleer,11
264,11,silah,11
264,12,karþýtý,11
264,13,Mainau,11
264,14,Deklarasyonu,11
264,15,nu,11
264,16,yayýnladýlar,9
265,1,Hayýr,11
265,2,diyebilir,11
265,3,misin,11
265,4,Yumurtalý,11
265,5,Pastýrmalý,11
265,6,Karýþýk,11
265,7,Tost,11
265,8,Kardeþler,8
265,9,Büfe,8
265,10,Ýzmir,5
265,11,tost,11
265,12,MutluHaftalar,11
265,13,y11yC8g58C,11
266,1,Yediðim,11
266,2,en,11
266,3,lezzetli,11
266,4,döner,11
266,5,gerçekten,11
266,6,klasikleþmiþ,11
266,7,tadýnýn,11
266,8,dýþýna,11
266,9,çýkmýþlar,11
266,10,Deneyimli,11
266,11,http,11
266,12,mDdG4pOmqb,11
267,1,Hollanda,11
267,2,nýn,11
267,3,Patriotlarý,11
267,4,22,11
267,5,Ocak,11
267,6,ta,11
267,7,Ýskenderun,11
267,8,da,11
267,9,olacak,11
267,10,dan,11
267,11,Türkiye,11
267,12,ye,11
267,13,7,11
267,14,gönderilecek,11
267,15,iki,11
267,16,adet,11
267,17,Patirot,11
267,18,bataryasýnýn,11
267,19,Limanýn,11
267,20,olacaðý,11
267,21,bildirildi,11
267,22,Savunma,11
267,23,Bakanlýðý,11
267,24,Genel,11
267,25,Sekreteri,11
267,26,Sündüz,11
267,27,Çelen,11
267,28,Cihan,11
267,29,Haber,11
267,30,Ajansý,11
267,31,na,11
267,32,yaptýðý,11
267,33,açýklamada,11
267,34,Patriot,11
267,35,füze,11
267,36,bataryalarýnýn,11
267,37,Groningen,11
267,38,Eemshaven,11
267,39,Limaný,11
267,40,ndan,11
267,41,yola,11
267,42,çýkacaðýný,11
267,43,haftalýk,11
267,44,yolculuktan,11
267,45,sonra,11
267,46,a,11
267,47,varacaðýný,11
267,48,ifade,11
267,49,etti,11
267,50,Þu,11
267,51,anda,11
267,52,tüm,11
267,53,hazýrlýklar,11
267,54,tamam,11
267,55,30,11
267,56,Hollandalý,11
267,57,20,11
267,58,Alman,11
267,59,askeri,11
267,60,yetkiliden,11
267,61,oluþan,11
267,62,heyet,11
267,63,için,11
267,64,8,11
267,65,Salý,11
267,66,günü,11
267,67,Eindhoven,11
267,68,bir,11
267,69,tören,11
267,70,yapýlacak,11
267,71,Burada,11
267,72,Bakaný,11
267,73,Jeanine,11
267,74,Hennis,11
267,75,Plasschaert,11
267,76,Kurmayý,11
267,77,Baþkaný,11
267,78,diðer,11
267,79,üst,11
267,80,düzey,11
267,81,yetkililer,11
267,82,hazýr,11
267,83,bulunacaklar,11
267,84,Diðer,11
267,85,taraftan,11
267,86,Patriotlarýn,11
267,87,kurulmasý,11
267,88,ile,11
267,89,ilgili,11
267,90,270,11
267,91,asker,11
267,92,21,11
267,93,yine,11
267,94,den,11
267,95,çýkacak,11
267,96,dedi,11
267,97,sýnýrýnda,11
267,98,yýl,11
267,99,kalacaðý,11
267,100,askerle,11
267,101,birlikte,11
267,102,ülkeye,11
267,103,olan,11
267,104,maliyetinin,11
267,105,42,11
267,106,milyon,11
267,107,Euro,11
267,108,edildi,11
267,109,Füze,11
267,110,Sistemleri,11
267,111,radarlarý,11
267,112,komuta,11
267,113,kontrol,11
267,114,merkezleri,11
267,115,muhaberat,11
267,116,lojistik,11
267,117,tesisleriyle,11
267,118,karmaþýk,11
267,119,hacimli,11
267,120,sisteme,11
267,121,sahip,11
267,122,olmasý,11
267,123,deniz,11
267,124,ulaþýmýyla,11
267,125,nakledilmesini,11
267,126,gerektiriyor,11
267,127,yandan,11
267,128,NATO,11
267,129,yetkilileri,11
267,130,ayrýca,11
267,131,Suriye,11
267,132,fýrlatýlabilecek,11
267,133,füzeleri,11
267,134,tespit,11
267,135,edebilecek,11
267,136,uçaklar,11
267,137,AWACS,11
267,138,gönderileceðini,11
267,139,de,11
267,140,açýklamýþtý,11
267,141,nin,11
267,142,elinde,11
267,143,bazýlarý,11
267,144,kimyasal,11
267,145,baþlýk,11
267,146,taþýyabilen,11
267,147,kýsa,11
267,148,menzilli,11
267,149,füzeler,11
267,150,bulunduðu,11
267,151,düþünülüyor,11
267,152,Bunlar,11
267,153,arasýnda,11
267,154,hedef,11
267,155,tutturma,11
267,156,bakýmýndan,11
267,157,oldukça,11
267,158,etkin,11
267,159,Sovyet,11
267,160,yapýmý,11
267,161,SS,11
267,162,Scarab,11
267,163,Scud,11
267,164,B,11
267,165,sayýlýyor,11
267,166,konuþlandýrma,11
267,167,kararýný,11
267,168,tamamen,11
267,169,savunma,11
267,170,amaçlý,11
267,171,olarak,11
267,172,tanýmlýyor,11
267,173,ama,11
267,174,Rusya,11
267,175,Ýran,11
267,176,bu,11
267,177,adýmý,11
267,178,bölgede,11
267,179,istikrarsýzlýðý,11
267,180,artýracaðýný,11
267,181,söyleyerek,11
267,182,eleþtiriyor,11
267,183,CÝHAN,11
268,1,20,
268,2,04,
268,3,1962,
268,4,Dolandýrýcýlýðýyla,
268,5,ünlü,
268,6,Sülün,
268,7,Osman,
268,8,cezaevinde,
268,9,Alýnteri,
268,10,ile,
268,11,Yaþamak,
268,12,konulu,
268,13,konferans,
268,14,verdi,
268,15,10,3
268,16,26,3
268,17,1863,3
268,18,Uluslararasý,7
268,19,Kýzýl,7
268,20,Haç,7
268,21,organizasyonu,7
268,22,Cenova,5
268,23,da,11
268,24,kuruldu,9
269,1,Haydarpaþa,2
269,2,Numune,11
269,3,Hastanesi,11
269,4,ne,11
269,5,geceyarýsý,11
269,6,saat,11
269,7,02,11
269,8,30,11
269,9,a,11
269,10,kadar,11
269,11,6,2
269,12,sivil,11
269,13,ölü,11
269,14,il,11
269,15,çok,11
269,16,sayýda,11
269,17,yaralý,11
269,18,getirildi,11
269,19,kSTn3hsEtD,11
270,1,Aksa,
270,2,Enerji,
270,3,hisselerini,
270,4,Goldman,
270,5,Sachs,
270,6,tan,
270,7,geri,
270,8,aldý,
270,9,PWFK6iCXH4,
270,10,ELapxWRTfQ,
270,11,Aþk,10
270,12,gibi,11
270,13,düþün,9
270,14,Pilav,10
270,15,Üstü,10
270,16,Döner,10
270,17,Abdulkadir,10
270,18,Restaurant,8
270,19,Ýstanbul,8
270,20,Bakýrköy,8
270,21,döner,9
270,22,tkVGywihcS,5
271,1,Kaymaklý,
271,2,Nutellalý,
271,3,Atom,
271,4,amp,
271,5,Lezzet,
271,6,i,
271,7,Þark,
271,8,Gusto,
271,9,Ýstanbul,
271,10,Baþakþehir,
271,11,Fatih,
271,12,Terim,
271,13,Stadyumu,
271,14,Altý,
271,15,Çalýþma,
271,16,Saatleri,
271,17,11,
271,18,00,
271,19,03,
271,20,0,
271,21,212,
271,22,488,
271,23,27,
271,24,20,
271,25,Ýþletme,
271,26,Pazartesi,
271,27,günleri,
271,28,kapalýdýr,
271,29,yemekneredeyenircom,
271,30,wdKsp8EdpN,
271,31,Suriye,8
271,32,tehditlere,9
271,33,karþýlýk,11
271,34,verebilir,9
271,35,devlet,10
271,36,ajansý,10
271,37,kendisine,11
271,38,yönelik,11
271,39,tehdit,10
271,40,saldýrýlara,9
271,41,dedi,11
271,42,Haber,10
271,43,devam,11
271,44,edecek,9
272,1,Diyarbakýr,
272,2,ýn,
272,3,Bismil,
272,4,ilçesinde,
272,5,61,
272,6,adet,
272,7,el,
272,8,yapýmý,
272,9,bomba,
272,10,ile,
272,11,çok,
272,12,sayýda,
272,13,yapýmýnda,
272,14,kullanýlan,
272,15,malzeme,
272,16,ele,
272,17,geçirildi,
272,18,0,11
272,19,11,11
272,20,20,11
272,21,27,11
272,22,212,11
272,23,488,11
272,24,Kaymaklý,11
272,25,Nutellalý,11
272,26,Atom,11
272,27,amp,11
272,28,Lezzet,11
272,29,i,11
272,30,Þark,11
272,31,Gusto,11
272,32,Ýstanbul,5
272,33,Baþakþehir,5
272,34,Fatih,10
272,35,Terim,11
272,36,Stadyumu,11
272,37,Altý,11
272,38,Çalýþma,11
272,39,Saatleri,11
272,40,00,11
272,41,03,11
272,42,Ýþletme,11
272,43,Pazartesi,11
272,44,günleri,11
272,45,kapalýdýr,11
272,46,yemekneredeyenircom,7
272,47,wdKsp8EdpN,11
